cproy,ccentro,label
ACCV,50008289,p0
ACCV,22002508,p1
ACCV,50010144,p2
ACCV,50011392,p3
ACCV,44004598,p4
ACCV,22005030,p5
ACCV,50017710,p6
ACCV,50018830,p7
ACCV,44005177,p8
ACCV,44003223,p9
ACCV,50018428,p10
ACCV,22003902,p11
ACCV,50008174,p12
ACCV,50008459,p13
ACCV,44000325,p14
ACCV,50009178,p15
ACCV,22006113,p16
ACCV,22002727,p17
ACCV,50010727,p18
ACCV,22004891,p19
ACCV,50008770,p20
ACCV,50011100,p21
ACCV,50001179,p22
ACCV,50007856,p23
ACCV,50010302,p24
ACCV,50001830,p25
ACCV,50002275,p26
ACCV,50001167,p27
ACCV,50006797,p28
ACCV,50011525,p29
ACCV,50018416,p30
ACCV,44004665,p31
ACCV,50009543,p32
ACCV,50008198,p33
ACCV,50700239,p34
ACCV,22000809,p35
ACCV,44004653,p36
ACCV,22004888,p37
ACCV,22002417,p38
ACCV,50017886,p39
ACCV,44003235,p40
ACCV,50005537,p41
ACCV,50010284,p42
ACCV,50008587,p43
ACCV,22004839,p44
ACCV,50008125,p45
ACCV,50010995,p46
ACCV,50010193,p47
ACCV,44000271,p48
ACCV,22003288,p49
ACCV,50019101,p50
ACCV,50005793,p51
ACCV,50011550,p52
ACCV,50011446,p53
ACCV,22003847,p54
ACCV,50009129,p55
ACCV,50006888,p56
ACCV,44005062,p57
ACCV,50011513,p58
ACCV,50019020,p59
ACCV,50010144,p60
ACLX,50006578,p61
ACLX,22005698,p62
ACLX,50009385,p63
ACLX,50018830,p64
ACLX,50007042,p65
ACLX,50009580,p66
ACLX,50006311,p67
ACLX,22004773,p68
ACLX,22002338,p69
ACLX,50000369,p70
ACLX,50000412,p71
ACLX,22002521,p72
ACLX,22003276,p73
ACLX,50008770,p74
ACLX,44005128,p75
ACLX,50019081,p76
ACLX,44001159,p77
ACLX,22002508,p78
ACLX,50004004,p79
ACLX,50006049,p80
ACLX,44000325,p81
ACLX,50008381,p82
ACLX,50009129,p83
ACLX,50008289,p84
ACLX,44005062,p85
ACLX,50010171,p86
ACLX,22000779,p87
ACLX,22005790,p88
ACLX,50017916,p89
ACLX,50011161,p90
ACLX,50010193,p91
ACLX,22001917,p92
ACLX,50007431,p93
ACLX,50017072,p94
ACLX,50008198,p95
ACLX,50008460,p96
ACLX,44003259,p97
ACLX,50000163,p98
ACLX,50010478,p99
ACLX,50002007,p100
ACLX,50005562,p101
ACLX,44004719,p102
ACLX,50007467,p103
ACLX,44002191,p104
ACLX,50011151,p105
ACLX,50009531,p106
ACLX,50009373,p107
ACLX,50018416,p108
ACLX,50001763,p109
ACLX,50005631,p110
ACLX,50010181,p111
ACLX,50009166,p112
ACLX,50018817,p113
ACLX,50011100,p114
ACLX,50008174,p115
ACLX,50005653,p116
ACLX,44004306,p117
ACLX,50006281,p118
ACLX,22002119,p119
ACLX,50009208,p120
ACLX,22005844,p121
ACLX,22004891,p122
ACLX,44004148,p123
ACLX,50005574,p124
ACLX,50011239,p125
ACLX,22002569,p126
ACLX,50010144,p127
ACLX,50011525,p128
ACLX,50007856,p129
ACLX,22002511,p130
ACLX,50001830,p131
ACLX,22005030,p132
ACLX,22004906,p133
ACLX,22010323,p134
ACLX,22001243,p135
ACLX,44001706,p136
ACLX,50006888,p137
ACLX,50007236,p138
ACLX,22000706,p139
ACLX,50006165,p140
ACLX,50003838,p141
ACLX,50010302,p142
ACLX,50018143,p143
ACLX,50001775,p144
ACLX,50008368,p145
ACLX,50008186,p146
ACLX,44003107,p147
ACLX,22005820,p148
ACLX,50017874,p149
ACLX,50003048,p150
ACLX,50006669,p151
ACLX,50000436,p152
ACLX,50010296,p153
ACLX,44005116,p154
ACLX,50005011,p155
ACLX,50011008,p156
ACLX,50011306,p157
ACLX,50010946,p158
ACLX,22006113,p159
ACLX,50008125,p160
ACLX,50009543,p161
ACLX,22005704,p162
ACLX,44003090,p163
ALAJ,50010156,p164
ALAJ,50008460,p165
ALAJ,50008125,p166
ALAJ,50009166,p167
ALAJ,50018271,p168
ALAJ,50018258,p169
ALAJ,0,p170
ALAJ,50005951,p171
ALAJ,50007731,p172
ALAJ,50007133,p173
ALAJ,50006669,p174
ALAJ,50005011,p175
ALAJ,50017898,p176
ALAJ,50019251,p177
ALAJ,50010533,p178
ALAJ,50002457,p179
ALAJ,50001179,p180
ALAJ,44001378,p181
ALAJ,44000799,p182
ALAJ,0,p183
ALAJ,44010100,p184
ALAJ,22004839,p185
ALAJ,22004773,p186
ALAJ,22000071,p187
ALAJ,50011288,p188
ALAJ,50002433,p189
ALAJ,50000618,p190
ALAJ,50009592,p191
ALAJ,22005881,p192
ALAJ,22005789,p193
ALAJ,50007236,p194
ALAJ,50009397,p195
ALAJ,50008371,p196
ALAJ,50008459,p197
ALAJ,50007421,p198
ALAJ,50006050,p199
ALAJ,50018246,p200
ALAJ,50008381,p201
ALAJ,22002703,p202
ALAJ,50006074,p203
ALAJ,50017451,p204
ALAJ,44003223,p205
ALAJ,50017874,p206
ALAJ,22003860,p207
ALAJ,22001243,p208
ALAJ,50017904,p209
ALAJ,50004004,p210
ALAJ,22003835,p211
ALAJ,44005131,p212
ALAJ,50004053,p213
ALAJ,44700131,p214
ALAJ,50009373,p215
ALAJ,50005641,p216
ALAJ,50017072,p217
ALAJ,50009580,p218
ALAJ,44700153,p219
ALAJ,50006141,p220
ALAJ,50005975,p221
ALAJ,22005686,p222
ALAJ,44004756,p223
ALAJ,50009415,p224
ALAJ,50018121,p225
ALAJ,50005422,p226
ALAJ,50005598,p227
ALAJ,44005062,p228
ALAJ,22000706,p229
ALAJ,22004891,p230
ALAJ,22006137,p231
ALAJ,50017916,p232
ALAJ,50018817,p233
ALAJ,22002511,p234
ALAJ,44004744,p235
ALAJ,22000779,p236
ALAJ,50006578,p237
ALAJ,50005823,p238
ALAJ,50008368,p239
ALAJ,50018143,p240
ALAJ,44000829,p241
ALAJ,50006414,p242
ALAJ,50009208,p243
ALAJ,50018830,p244
ALAJ,50008174,p245
ALAJ,22000731,p246
ALAJ,44005153,p247
ALAJ,50001350,p248
ALAJ,50006049,p249
ALAJ,50011550,p250
ALAJ,22000767,p251
ALAJ,50007807,p252
ALAJ,50009531,p253
ALAJ,50006888,p254
ALAJ,50004703,p255
ALAJ,50008605,p256
ALAJ,22004271,p257
ALAJ,50004570,p258
ALAJ,50007716,p259
ALAJ,44003156,p260
ALAJ,50008587,p261
ALAJ,50010181,p262
ALAJ,50005677,p263
ALAJ,50010171,p264
ALAJ,50011008,p265
ALAJ,22004906,p266
ALAJ,50009385,p267
ALAJ,44002152,p268
ALAJ,50001076,p269
ALAJ,50006438,p270
ALAJ,44005177,p271
ALAJ,50006797,p272
ALAJ,50006128,p273
ALAJ,50006013,p274
ALAJ,22002491,p275
ALCE,50011801,p276
ALCE,50007352,p277
ALCE,50004004,p278
ALCE,50003504,p279
ALCE,22005157,p280
ALCE,22002478,p281
ALCE,22002338,p282
ALCE,50008381,p283
ALCE,50017898,p284
ALCE,50004545,p285
ALCE,50008332,p286
ALCE,22002430,p287
ALCE,50017916,p288
ALCE,50007856,p289
ALCE,50019251,p290
ALCE,50011732,p291
ALCE,22005674,p292
ALCE,50017072,p293
ALCE,50009786,p294
ALCE,50010478,p295
ALCE,50006128,p296
ALCE,50011550,p297
ALCE,50006633,p298
ALCE,50006797,p299
ALCE,50008174,p300
ALCE,44003120,p301
ALCE,50006888,p302
ALCE,22004906,p303
ALCE,50006803,p304
ALCE,22002341,p305
ALCE,50011380,p306
ALCE,44003223,p307
ALCE,50017904,p308
ALCE,50004077,p309
ALCE,50007421,p310
ALCE,50006700,p311
ALCE,50011410,p312
ALCE,50007789,p313
ALCE,22001073,p314
ALCE,44004616,p315
ALCE,44004781,p316
ALCE,44004720,p317
ALCE,50005823,p318
ALCE,50009415,p319
ALCE,50018143,p320
ALCE,50010171,p321
ALCE,50001763,p322
ALCE,50005677,p323
ALCE,50010302,p324
ALCE,50005872,p325
ALCE,50006074,p326
ALCE,50006438,p327
ALCE,22005789,p328
ALCE,50004053,p329
ALCE,50006581,p330
ALCE,44004562,p331
ALCE,50006219,p332
ALCR,50011355,p333
ALCR,50011203,p334
ALCR,44004744,p335
ALCR,50003504,p336
ALCR,50000904,p337
ALCR,50011321,p338
ALCR,22002843,p339
ALCR,44004801,p340
ALCR,50000618,p341
ALCR,50001088,p342
ALCR,50000436,p343
ALCR,50004326,p344
ALCR,44004811,p345
ALCR,50004879,p346
ALCR,50011343,p347
ALCR,50011151,p348
ALCR,22002341,p349
ALCR,50011239,p350
ALCR,44004495,p351
ALCR,44004690,p352
ALCR,50011136,p353
ALCR,44004689,p354
ALCR,22005728,p355
ALCR,50011355,p356
ALCR,50006050,p357
ALCR,22003847,p358
ALCR,22002016,p359
ALCR,44005074,p360
ALCR,50017904,p361
ALCR,50004478,p362
ALCR,50011367,p363
ALCR,50001064,p364
ALCR,22001243,p365
ALCR,22005686,p366
ALCR,22005832,p367
ALCR,22005716,p368
ALCR,22004566,p369
ALCR,22005819,p370
ALCR,50011240,p371
ALCR,22005731,p372
ALCR,50017655,p373
ALCR,50002123,p374
ALCR,50004430,p375
ALCR,50011410,p376
ALCR,44002541,p377
ALCR,44002061,p378
ALCR,44004677,p379
ALCR,44004781,p380
ALCR,50017679,p381
ALCR,50005331,p382
ALCR,50011380,p383
ALCR,50002329,p384
ALCR,44004793,p385
ALCR,44004471,p386
ALCR,50011124,p387
ALCR,44001378,p388
ALCR,22005741,p389
ALCR,44005062,p390
ALCR,44010203,p391
ALCR,50011161,p392
ALCR,50008782,p393
ALCR,50004843,p394
ALCR,50011409,p395
ALCR,44004771,p396
ALCR,50011185,p397
ALCR,44004719,p398
ALCR,44002191,p399
ALCR,50005291,p400
ALCR,50002032,p401
ALCR,44005153,p402
ALCR,44004720,p403
ALCR,22005807,p404
ALCR,50018261,p405
ALCR,50011148,p406
ALCR,50011227,p407
ALCR,44005165,p408
ALCR,22005868,p409
ALCR,44004616,p410
ALCR,22004578,p411
ALCR,50001702,p412
ALCR,44004732,p413
ALCR,50011173,p414
ALCR,50011197,p415
ALCR,22001905,p416
ALCR,50011422,p417
ALCR,44004768,p418
ALCR,50011318,p419
ALCR,22005698,p420
ALCR,50002433,p421
ALCR,50011392,p422
ALCR,22005674,p423
ALCR,50011379,p424
ALCR,22002119,p425
ALCR,50009397,p426
ALCR,50011291,p427
ALCR,22005789,p428
ALCR,50004053,p429
ALCR,50011306,p430
ALCR,22000056,p431
ALCR,50000369,p432
ALCR,22003586,p433
ALCR,44005131,p434
ALCR,22005790,p435
ALCR,44004707,p436
ALCR,44004756,p437
APVA,50006013,p438
APVA,22005716,p439
APVA,50005744,p440
APVA,50017874,p441
APVA,50003206,p442
APVA,50000291,p443
APVA,22002156,p444
APVA,50009580,p445
APVA,50009385,p446
APVA,50018830,p447
APVA,22000585,p448
APVA,50019019,p449
APVA,50005975,p450
APVA,50011288,p451
APVA,50018258,p452
APVA,50010399,p453
APVA,22005741,p454
APVA,22002341,p455
APVA,22005728,p456
APVA,22010323,p457
APVA,22005790,p458
APVA,50006438,p459
APVA,50005872,p460
APVA,50009944,p461
APVA,22000731,p462
APVA,50011801,p463
APVA,50008356,p464
APVA,50004703,p465
APVA,44002221,p466
APVA,50018131,p467
APVA,50005598,p468
APVA,44010203,p469
APVA,22001243,p470
APVA,50000369,p471
APVA,44002152,p472
APVA,50006220,p473
APVA,50008587,p474
APVA,50006311,p475
APVA,50002937,p476
APVA,50001222,p477
APVA,50017680,p478
APVA,50006165,p479
APVA,50004843,p480
APVA,50002275,p481
APVA,50018246,p482
APVA,50018261,p483
APVA,50009397,p484
APVA,50008381,p485
APVA,50011537,p486
APVA,50005677,p487
APVA,50000370,p488
APVA,50019317,p489
APVA,50002457,p490
APVA,50011306,p491
APVA,44005074,p492
APVA,44004781,p493
APVA,44005165,p494
APVA,44004689,p495
APVA,44000799,p496
APVA,44005153,p497
APVA,22004608,p498
APVA,22005844,p499
APVA,22002302,p500
APVA,22000299,p501
APVA,50011380,p502
APVA,50018271,p503
APVA,22002843,p504
APVA,50005641,p505
APVA,22002673,p506
APVA,50001350,p507
APVA,50001076,p508
APVA,44000829,p509
APVA,50017072,p510
APVA,50010387,p511
APVA,50009403,p512
APVA,44002942,p513
APVA,50018121,p514
APVA,44004811,p515
APVA,44003120,p516
APVA,22001073,p517
APVA,22004271,p518
APVA,50004326,p519
APVA,50005914,p520
APVA,44003107,p521
APVA,50019251,p522
APVA,50008368,p523
APVA,44004306,p524
APVA,44003272,p525
APVA,50017898,p526
APVA,50017679,p527
APVA,50011410,p528
APVA,50009373,p529
APVA,50009749,p530
APVA,50010171,p531
APVA,50018817,p532
APVA,50005999,p533
APVA,50008371,p534
APVA,22005674,p535
APVA,50006207,p536
APVA,50017862,p537
APVA,22001887,p538
APVA,50005768,p539
APVA,22003835,p540
APVA,50005011,p541
APVA,50005926,p542
APVA,50017916,p543
APVA,50005574,p544
APVA,50005631,p545
APVA,44003259,p546
APVA,50010181,p547
APVA,44000246,p548
APVA,50010481,p549
APVA,22005200,p550
IEAE,50000436,p551
IEAE,44000261,p552
IEAE,50005823,p553
IEAE,50006581,p554
IEAE,50006633,p555
IEAE,50010296,p556
IEAE,50006888,p557
IEAE,50008034,p558
IEAE,50009361,p559
IEAE,22002341,p560
IEAE,50011239,p561
IEAE,50011161,p562
IEAE,50007066,p563
IEAE,50008332,p564
IEAE,50005495,p565
IEAE,50011185,p566
IEAE,22002703,p567
IEAE,22001875,p568
IEAE,50001775,p569
IEAE,50007789,p570
IEAE,44000325,p571
IEAE,50010272,p572
IEAE,22004104,p573
IEAE,50005549,p574
IEAE,22002119,p575
IEAE,50019317,p576
IEAE,50004053,p577
IEAE,22001243,p578
IEAE,50006669,p579
IEAE,50005628,p580
IEIE,50005926,p581
IEIE,50018131,p582
IEIE,50002457,p583
IEIE,50010958,p584
IEIE,50009211,p585
IEIE,22000779,p586
IEIE,22003835,p587
IEIE,50009129,p588
IEIE,50018261,p589
IEIE,50010958,p590
IEIE,44002221,p591
IEIE,50010041,p592
IEIE,22004891,p593
IEIE,50017448,p594
IEIE,50005926,p595
IEIE,50008617,p596
IEIE,44004239,p597
IEIE,22002338,p598
IEIE,50008770,p599
IEIE,44005116,p600
IEIE,50009129,p601
IEIE,22002727,p602
IEIE,50018842,p603
IEIE,50010821,p604
IEIE,22004906,p605
IEIE,50009129,p606
IEIE,0,p607
IEIE,50011409,p608
IEIE,50006311,p609
IEIE,50006761,p610
IEIE,50002329,p611
IEIE,50009166,p612
LE2P,22005054,p613
LE2P,0,p614
LE2P,22005340,p615
LE2P,50006724,p616
LE2P,50018817,p617
LE2P,50008605,p618
LE2P,50019251,p619
LE2P,50001064,p620
LE2P,22003926,p621
LE2P,22000251,p622
LE2P,50006220,p623
LE2P,50010764,p624
LE2P,50005631,p625
LE2P,50005422,p626
LE2P,50006311,p627
LE2P,22002478,p628
LE2P,22002673,p629
LE2P,22002569,p630
LE2P,50007066,p631
LE2P,50007042,p632
LE2P,50007789,p633
LE2P,50005598,p634
LE2P,50011801,p635
LE2P,50005562,p636
LE2P,22002016,p637
LE2P,22003835,p638
LE2P,22005789,p639
LE2P,22000731,p640
LE2P,22000721,p641
LE2P,22005728,p642
LE2P,50005823,p643
LE2P,50006232,p644
LE2P,50018121,p645
LE2P,50009786,p646
LE2P,50005537,p647
LE2P,50006463,p648
LE2P,50007789,p649
LE2P,50007194,p650
LE2P,50005495,p651
LE2P,50007078,p652
LE2P,50004594,p653
LE2P,50001362,p654
LE2P,50017874,p655
LE2P,50010399,p656
LE2P,50009749,p657
LE2P,50006074,p658
LE2P,50006037,p659
LE2P,50006025,p660
LE2P,50005768,p661
LE2P,50005011,p662
LE2P,50003838,p663
LE2P,50001121,p664
LE2P,44010100,p665
LE2P,44000246,p666
LE2P,22010323,p667
LE2P,22005832,p668
LE2P,22004906,p669
LE2P,22002341,p670
LE2P,50011057,p671
LE2P,50009403,p672
LE2P,50008356,p673
LE2P,50006013,p674
LE2P,50005975,p675
LE2P,50005677,p676
LE2P,22005731,p677
LE2P,22005431,p678
LE2P,50017072,p679
LE2P,50010193,p680
LE2P,50006815,p681
LE2P,50006207,p682
LE2P,50006153,p683
LE2P,50005999,p684
LE2P,50005914,p685
LE2P,44004306,p686
LE2P,22003586,p687
LE2P,22002338,p688
LE2P,22001243,p689
LE2P,22000071,p690
LE2P,50008678,p691
LE2P,50008617,p692
LE2P,50008587,p693
LE2P,50008381,p694
LE2P,50004077,p695
LE2P,50001763,p696
LE2P,22004840,p697
LE2P,50007777,p698
LE2P,44003156,p699
LE2P,22003252,p700
LE2P,22000767,p701
LE2P,22000585,p702
LE2P,50011422,p703
LE2P,50010181,p704
LE2P,50009580,p705
LE2P,50009373,p706
LE2P,50009361,p707
LE2P,50009208,p708
LE2P,50008368,p709
LE2P,50008332,p710
LE2P,50007421,p711
LE2P,50007248,p712
LE2P,50007133,p713
LE2P,50006724,p714
LE2P,50006578,p715
LE2P,50006554,p716
LE2P,50006438,p717
LE2P,50006219,p718
LE2P,50006001,p719
LE2P,50005926,p720
LE2P,50005276,p721
LE2P,50004843,p722
LE2P,50004031,p723
LE2P,50000904,p724
LE2P,44004720,p725
LE2P,44004562,p726
LE2P,44003090,p727
LE2P,22005881,p728
LE2P,22004104,p729
LE2P,22003847,p730
LE2P,22003276,p731
LE2P,22003215,p732
LE2P,22002703,p733
LE2P,22002119,p734
LE2P,22001358,p735
LE2P,22000779,p736
LE2P,22000299,p737
LE2P,50009361,p738
LE2P,50007996,p739
LE2P,50007790,p740
LE2P,50011100,p741
LE2P,50007017,p742
LE2P,50006888,p743
LE2P,50006566,p744
LE2P,50006542,p745
LE2P,50008976,p746
LE2P,50004570,p747
LE2P,50018246,p748
LE2P,50006281,p749
LE2P,22004633,p750
LE2P,22002302,p751
LE2P,50007731,p752
LE2P,50007352,p753
LE2P,50006803,p754
LE2P,50006751,p755
LE2P,50001775,p756
LE2P,44000271,p757
LE2P,22002466,p758
LE2P,50009385,p759
LE2P,50006165,p760
LE2P,50009415,p761
LE2P,50010478,p762
LE2P,50011288,p763
LE2P,50000862,p764
LE2P,50000370,p765
LE2P,44000829,p766
LE2P,22002417,p767
LE2P,50018271,p768
LE2P,22003860,p769
LE2P,50017904,p770
LE2P,22002430,p771
LE2P,22005716,p772
LE2P,50018258,p773
LE2P,50018143,p774
LE2P,50017916,p775
LE2P,50005951,p776
LE2P,50006669,p777
LE2P,50007431,p778
LE2P,50009531,p779
LE2P,50007388,p780
LE2P,50010272,p781
LE2P,50007856,p782
LE2P,50007534,p783
LE2P,50010296,p784
LE2P,50007479,p785
LE2P,50018246,p786
LE2P,44000121,p787
LE2P,44010203,p788
LE2P,50017898,p789
LE2P,22001437,p790
LE2P,22001073,p791
LE2P,22001899,p792
LE2P,50017862,p793
LE2P,50017710,p794
LE2P,50009452,p795
LE2P,50008371,p796
LE2P,50006128,p797
LEET,50008277,p798
LEET,50011525,p799
LEET,50008976,p800
LEET,50009361,p801
LEET,22005881,p802
LEET,50010144,p803
LEET,50009415,p804
LEET,22002466,p805
LEET,50009348,p806
LEET,22005820,p807
LEET,50007716,p808
LEET,50009348,p809
LEET,50008277,p810
LEET,50018416,p811
LEET,50017886,p812
LEET,22003288,p813
LEET,22005674,p814
LEET,50009415,p815
LEET,22005765,p816
LEET,22005765,p817
LEET,22005881,p818
LEET,22005881,p819
LEET,50007856,p820
LEET,22005820,p821
LEET,50009415,p822
LEET,50009361,p823
LEET,50009361,p824
LEET,50008368,p825
LEET,44004045,p826
LEET,50011239,p827
LEET,50018416,p828
LEET,44003235,p829
LEET,44003235,p830
LEET,44000325,p831
LEET,44004744,p832
LEET,50009348,p833
LEET,50009208,p834
LEET,50011239,p835
LEET,50003838,p836
LEET,50006700,p837
LEET,50008277,p838
LEET,44003235,p839
LEET,50008356,p840
LEET,50008332,p841
LEET,22001875,p842
LEET,50007078,p843
LEET,50019101,p844
LEET,50008332,p845
LEET,50009361,p846
LEET,50003838,p847
LEET,44004744,p848
LEET,50018817,p849
LEET,50009361,p850
LEET,22010839,p851
LEET,22005054,p852
LEET,22005054,p853
PRDC,22000767,p855
PRDC,50007236,p856
PRDC,50019251,p857
PRDC,50010958,p858
PRDC,50009385,p859
PRDC,44000325,p860
PRDC,50018246,p861
LEAG,50008174,p863
LEAG,44003211,p864
LEAG,50004703,p865
LEAG,50006554,p866
LEAG,22004773,p867
LEAG,50010171,p868
LEAG,50009208,p869
LEAG,22003288,p870
LEAG,50006633,p871
LEAG,22001917,p872
LEAG,50008277,p873
LEAG,50017451,p874
LEAG,50017886,p875
LEAG,50010156,p876
LEAG,22002521,p877
LEAG,22000721,p878
LEAG,50018416,p879
LEAG,22005765,p880
LEAG,22000731,p881
LEAG,50005951,p882
LEAG,50006232,p883
LEAG,44002152,p884
LEAG,50010491,p885
LEAG,50008125,p886
LEAG,44003235,p887
LEAG,50009373,p888
LEAG,50001830,p889
LEAG,50009178,p890
LEAG,50011100,p891
LEAG,50011847,p892
LEAG,50007479,p893
LEAG,44003235,p894
LEAG,44003041,p895
LEAG,50006751,p896
LEAG,50001830,p897
LEAG,50010511,p898
LEAG,22010323,p899
LEAG,50011677,p900
LEAG,50009762,p901
LEAG,50006463,p902
LEAG,44003247,p903
LEAG,50002937,p904
LEAG,50000862,p905
LEAG,44005098,p906
LEAG,50011100,p907
LEAG,22000779,p908
LEAG,50006803,p909
LEAG,50010727,p910
LEAG,50008034,p911
LEAG,44000271,p912
LEAG,50010193,p913
LEAG,44004446,p914
LEAG,50017072,p915
LEAG,50011008,p916
LEAG,50007078,p917
LEAG,44003171,p918
LEAG,22002521,p919
LEAG,50009129,p920
LEAG,50010740,p921
LEAG,50010144,p922
LEAG,44004446,p923
LEAG,50000850,p924
LEAG,50006840,p925
LEAG,22004611,p926
LEAG,50008371,p927
LEAG,50010511,p928
LEAG,50006888,p929
LEAG,50009178,p930
LEAG,50001179,p931
LEAG,22002727,p932
LEAG,50009129,p933
LEAG,50005823,p934
LEAG,50005537,p935
LEAG,50007716,p936
LEAG,50007716,p937
LEAG,50008460,p938
LEAG,50017886,p939
LEAG,50005926,p940
LEAG,22004773,p941
LEAG,50005537,p942
LEAG,44004665,p943
LEAG,50007388,p944
LEAG,50009403,p945
LEAG,44004045,p946
LEAG,50007534,p947
LEAG,50007777,p948
LEAG,50008770,p949
LEAG,50008368,p950
LEAG,50010296,p951
LEAG,50011525,p952
LEAG,50011525,p953
LEAG,50011525,p954
LEAG,44000799,p955
LEAG,22003252,p956
LEAG,50006761,p957
LEAG,50008356,p958
LEAG,22002727,p959
LEAG,44003156,p960
LEAG,22010839,p961
LEAG,44004653,p962
LEAG,44003077,p963
LEAG,50010739,p964
LEAG,22000767,p965
LEAG,50007856,p966
LEAG,22004611,p967
LEAG,50010144,p968
LEAG,50006438,p969
LEAG,50010481,p970
LEAG,50006797,p971
LEAG,50007327,p972
LEAG,50010272,p973
LEAG,50007492,p974
LEAG,50006049,p975
LEAG,50005914,p976
LEAG,50005896,p977
LEAG,22000809,p978
LEAG,50006566,p979
LEAG,50006566,p980
LEAG,50007042,p981
LEAG,50010739,p982
LEAG,22005121,p983
LEAG,50006074,p984
ACTL,50011550,p985
ACTL,22006113,p986
ACTL,50000436,p987
ACTL,50010958,p988
ACTL,50010478,p989
ACTL,50008368,p990
ACTL,50018283,p991
ACTL,22002119,p992
ACTL,22002511,p993
ACTL,50005598,p994
ACTL,50004053,p995
ACTL,22003239,p996
ACTL,44004707,p997
ACTL,50009592,p998
ACTL,50008289,p999
ACTL,50004004,p1000
ACTL,22000779,p1001
ACTL,22000251,p1002
ACTL,50017072,p1003
ACTL,50000163,p1004
IECM,50008174,p1005
IECM,44003156,p1006
IECM,44004045,p1007
IECM,50004053,p1008
IECM,22004611,p1009
IECM,22000731,p1010
IECM,50700239,p1011
IECM,22004839,p1012
IECM,50017916,p1013
IECM,50011252,p1014
IECM,44010100,p1015
IECM,50011847,p1016
IECM,50019020,p1017
IECM,44005128,p1018
IECM,50009543,p1019
IECM,44004665,p1020
IECM,50008587,p1021
IECM,50008368,p1022
IECM,44005207,p1023
IECM,50010156,p1024
ALCA,50018271,p1025
ALCA,50006438,p1026
ALCA,50006232,p1027
ALCA,50006013,p1028
ALCA,50010181,p1029
ALCA,50010478,p1030
ALCA,50007194,p1031
ALCA,50004570,p1032
ALCA,50001301,p1033
ALCA,22002478,p1034
ALCA,50007731,p1035
ALCA,44010203,p1036
ALCA,44000271,p1037
ALCA,50006700,p1038
ALCA,50008952,p1039
ALCA,22002703,p1040
ALCA,50004843,p1041
ALCA,50007078,p1042
ALCA,50009373,p1043
ALCA,50011392,p1044
ALCA,50010272,p1045
ALCA,50007789,p1046
ALCA,50005823,p1047
ALCA,50010764,p1048
ALCA,50001763,p1049
ALCA,44004707,p1050
ALCA,44005062,p1051
ALCA,44000325,p1052
ALCA,44004756,p1053
ALCA,50008356,p1054
ALCA,44000261,p1055
ALCA,50003851,p1056
ALCA,50011331,p1057
ALCA,50001799,p1058
ALCA,50019378,p1059
ALCA,50006463,p1060
ALCA,22001085,p1061
ALCA,50017072,p1062
ALCA,50007534,p1063
ALCA,50019251,p1064
ALCA,44000829,p1065
ALCA,50006578,p1066
ALCA,22003847,p1067
ALCA,50006633,p1068
ALCA,50009385,p1069
ALCA,50006803,p1070
ALCA,22002673,p1071
ALCA,50011380,p1072
ALCA,50001350,p1073
ALCA,50011239,p1074
ALCA,50004612,p1075
ALCA,50017451,p1076
ALCA,50004053,p1077
ALCA,22001887,p1078
ALCA,50004077,p1079
ALCA,22005731,p1080
ALCA,50006797,p1081
LEPO,50006554,p1082
LEPO,22005716,p1083
LEPO,50019101,p1084
LEPO,50005641,p1085
LEPO,50017916,p1086
LEPO,44005190,p1087
LEPO,22005674,p1088
LEPO,22002569,p1089
LEPO,50007716,p1090
LEPO,50007789,p1091
LEPO,50007716,p1092
LEPO,50011513,p1093
LEPO,44004045,p1094
LEPO,50000126,p1095
LEPO,44004665,p1096
LEPO,44003223,p1097
LEPO,44004665,p1098
LEPO,50000163,p1099
LEPO,50010171,p1100
LEPO,50000163,p1101
LEPO,50004594,p1102
LEPO,50010193,p1103
LEPO,50003206,p1104
LEPO,44005062,p1105
LEPO,22000779,p1106
LEPO,22002417,p1107
LEPO,50005951,p1108
LEPO,50010326,p1109
LEPO,50001076,p1110
LEPO,50001179,p1111
LEPO,50001179,p1112
LEPO,50010041,p1113
LEPO,50011513,p1114
LEPO,50011550,p1115
LEPO,50007479,p1116
LEPO,22006101,p1117
LEPO,44005128,p1118
LEPO,22006101,p1119
LEPO,44005128,p1120
LEPO,50008289,p1121
LEPO,50000722,p1122
LEPO,22005820,p1123
LEPO,50010326,p1124
LEPO,50005562,p1125
LEPO,50008174,p1126
LEPO,50008174,p1127
LEPO,44005177,p1128
LEPO,50008332,p1129
LEPO,50008332,p1130
LEPO,50008332,p1131
LEPO,50008289,p1132
LEPO,50008198,p1133
LEPO,50006542,p1134
LEPO,22010037,p1135
LEPO,44002191,p1136
LEPO,22010037,p1137
LEPO,50004570,p1138
LEPO,50010478,p1139
LEPO,50005574,p1140
LEPO,44005190,p1141
LEPO,50011677,p1142
LEPO,44000799,p1143
LEPO,50011677,p1144
LEPO,50006554,p1145
LEPO,22000731,p1146
LEPO,50007248,p1147
LEPO,50007236,p1148
LEPO,44000246,p1149
LEPO,50004031,p1150
LEPO,44004677,p1151
LEPO,22003239,p1152
LEPO,50001064,p1153
LEPO,50002457,p1154
LEPO,50011355,p1155
LEPO,50008459,p1156
LEPO,50009373,p1157
LEPO,50006888,p1158
LEPO,50006414,p1159
LEPO,22004104,p1160
LEPO,22006137,p1161
LEPO,50009944,p1162
LEPO,50006751,p1163
LEPO,22000056,p1164
LEPO,22005054,p1165
LEPO,44004483,p1166
LEPO,44003272,p1167
LEPO,44002221,p1168
LEPO,44004239,p1169
LEPO,44004239,p1170
LEPO,44005177,p1171
LEPO,50018416,p1172
LEPO,50010144,p1173
LEPO,50010156,p1174
LEPO,50010156,p1175
LEPO,50008460,p1176
LEPO,50008460,p1177
LEPO,50001167,p1178
LEPO,50001349,p1179
LEPO,50009211,p1180
LEPO,50008125,p1181
LEPO,50011410,p1182
LEPO,50004430,p1183
LEPO,50000436,p1184
LEPO,50005872,p1185
LEPO,50005422,p1186
LEPO,50005896,p1187
LEPO,50007194,p1188
LEPO,50005926,p1189
LEPO,50005537,p1190
LEPO,50006633,p1191
LEPO,50011288,p1192
LEPO,50010995,p1193
LEPO,50018143,p1194
LEPO,22000731,p1195
LEPO,50006581,p1196
LEPO,50010995,p1197
LEPO,50004612,p1198
LEPO,50000874,p1199
LEPO,50000874,p1200
LEPO,50009129,p1201
LEPO,22000809,p1202
LEPO,50019251,p1203
LEPO,50011240,p1204
LEPO,44000465,p1205
LEPO,50009348,p1206
LEPO,50004703,p1207
LEPO,50011008,p1208
LEPO,50005690,p1209
LEPO,50008186,p1210
LEPO,50006542,p1211
LEPO,50010028,p1212
LEPO,50005914,p1213
LEPO,22005741,p1214
LEPO,50000862,p1215
LEPO,50018830,p1216
LEPO,50006414,p1217
LEPO,50011550,p1218
LEPO,50008198,p1219
LEPO,50010491,p1220
LEPO,50010302,p1221
LEPO,50007431,p1222
LEPO,50007352,p1223
LEPO,50007352,p1224
LEPO,50009361,p1225
LEPO,50009361,p1226
LEPO,50018428,p1227
LEPO,50019354,p1228
LEPO,50000412,p1229
LEPO,50011720,p1230
LEPO,44004045,p1231
LEPO,44005098,p1232
LEPO,22003926,p1233
LEPO,22003239,p1234
LEPO,22010712,p1235
LEPO,22001917,p1236
LEPO,22001917,p1237
LEPO,22005704,p1238
LEPO,22005881,p1239
LEPO,22006137,p1240
PRAP,50001088,p1241
PRAP,50005631,p1242
PRAP,50002032,p1243
PRAP,22002168,p1244
PRAP,50010995,p1245
PRAP,50006141,p1246
PRAP,50017916,p1247
PRAP,50001830,p1248
PRAP,50009129,p1249
PRAP,50017886,p1250
PRAP,22010839,p1251
PRAP,44005062,p1252
PRAP,44000829,p1253
PRAP,50010511,p1254
PRAP,22004773,p1255
PRAP,50001179,p1256
PRAP,44005116,p1257
PRAP,50017874,p1258
PRAP,50010478,p1259
PRAP,50010171,p1260
PRAP,50008174,p1261
PRAP,44003223,p1262
PRAP,44000799,p1263
PRAP,50005963,p1264
PRAP,50011550,p1265
PRAP,50008277,p1266
PRAP,50001350,p1267
PRAP,50006050,p1268
PRAP,50000163,p1269
PRAP,22003215,p1270
PRAP,44005098,p1271
PRAP,44000325,p1272
PRAP,50019101,p1273
PRAP,50008952,p1274
PRAP,50000436,p1275
PRAP,50011070,p1276
PRAP,50009348,p1277
PRAP,44003235,p1278
PRAP,22001887,p1279
PRAP,50010946,p1280
PRAP,44003272,p1281
PRAP,50009749,p1282
PRAP,50009178,p1283
PRAP,50008125,p1284
PRAP,22004891,p1285
PRAP,50008186,p1286
PRAP,50011288,p1287
PRAP,50009786,p1288
PRAP,22001875,p1289
PRAP,44004653,p1290
PRAP,44004550,p1291
PRAP,22002119,p1292
PRAP,22004840,p1293
PRAP,22005832,p1294
PRAP,50005550,p1295
PRAP,44004665,p1296
PRAP,50005999,p1297
PRAP,50005793,p1298
PRAP,50009452,p1299
PRAP,50006049,p1300
PRAP,50008691,p1301
PRAP,50011732,p1302
PRAP,50005926,p1303
PRAP,50009592,p1304
PRAP,44004732,p1305
PRAP,22003847,p1306
PRAP,50009531,p1307
PRAP,50011410,p1308
PRAP,50010739,p1309
PRAP,50006153,p1310
PRAP,44004045,p1311
PRAP,50011801,p1312
PRAP,22000721,p1313
PRAP,22002341,p1314
PRAP,22004608,p1315
PRAP,50009208,p1316
PRAP,50008289,p1317
PRAP,22000809,p1318
PRAP,50006074,p1319
PRAP,44005128,p1320
PRAP,22003288,p1321
PRAP,50008459,p1322
PRAP,44003715,p1323
PRAP,50018143,p1324
PRAP,44003107,p1325
PRAP,50011318,p1326
PRAP,22004888,p1327
PRAP,50000369,p1328
PRAP,50017072,p1329
PRAP,44005190,p1330
PRAP,22006101,p1331
PRAP,50008460,p1332
PRAP,22004906,p1333
PRAP,50008642,p1334
PRAP,44005207,p1335
PRAP,50001349,p1336
PRAP,50010764,p1337
PRAP,50006414,p1338
PRAP,22003835,p1339
PRAP,44004801,p1340
PRAP,44004768,p1341
PRAP,50019317,p1342
PRAP,50002433,p1343
PRAP,44002191,p1344
PRAP,50003735,p1345
PRAP,50000874,p1346
PRAP,50008678,p1347
PRAP,44003090,p1348
PRAP,50011008,p1349
PRAP,50009567,p1350
PRAP,22004104,p1351
PRAC,50006751,p1352
PRAC,50006700,p1353
PRAC,50000412,p1354
PRAC,44000261,p1355
PRAC,50001799,p1356
PRAC,50000862,p1357
PRAC,50006529,p1358
LECF,50011550,p1359
LECF,50006751,p1360
LECF,50008277,p1361
LECF,50007777,p1362
LECF,50005513,p1363
LECF,50009567,p1364
LECF,50008125,p1365
LECF,50001830,p1366
LECF,50010739,p1367
LECF,50008186,p1368
LECF,50009129,p1369
LECF,50011513,p1370
LECF,44004045,p1371
LECF,44004653,p1372
LECF,44003235,p1373
LECF,22002511,p1374
LECF,22003288,p1375
LECF,22005406,p1376
LECF,22002508,p1377
LECF,22004773,p1378
IEGI,50008691,p1379
IEGI,44005062,p1380
IEGI,50002433,p1381
IEGI,50005631,p1382
IEGI,50007157,p1383
IEGI,50006141,p1384
IEGI,50001179,p1385
IEGI,50009129,p1386
IEGI,50000369,p1387
IEGI,50005951,p1388
IEGI,50006050,p1389
IEGI,50005963,p1390
RCSS,44002152,p1391
RCSS,50001775,p1392
RCSS,0,p1393
ALYH,44000271,p1394
ALYH,50010144,p1395
ALYH,50006751,p1396
ALYH,50001799,p1397
ALYH,50006463,p1398
ALYH,50000412,p1399
ALYH,50007236,p1400
ALYH,50006414,p1401
ALYH,50000412,p1402
ALYH,50018416,p1403
ALYH,50009178,p1404
ALYH,50007017,p1405
ALYH,50008289,p1406
ALYH,50007066,p1407
ALYH,50010272,p1408
ALYH,44010011,p1409
ALYH,44004045,p1410
RCVX,50008460,p1411
RCVX,50011321,p1412
RCVX,50008186,p1413
RCVX,50005707,p1414
RCVX,50019317,p1415
RCVX,44005116,p1416
RCVX,50018817,p1417
RCVX,50008174,p1418
RCVX,50006207,p1419
RCVX,50019101,p18
RCVX,50006207,p1419
RCVX,50019101,p1420
RCVX,22002727,p1421
RCVX,22003835,p1422
RCVX,50000436,p1423
RCVX,50009531,p1424
RCVX,44000246,p1425
RCVX,50010995,p1426
RCVX,50010478,p1427
RCVX,0,p1428
RCVX,50005999,p1429
